nodeID,networkCanvasEgoUUID,networkCanvasUUID,name,communication_freq,layout_x,layout_y,family_member
1,0d52ca28-f227-42f3-b248-4951befd26c1,849a8130-af47-41c9-9f1e-470a08ea2342,Tabitha Beahan III,2,0.684077,0.014311,false
2,0d52ca28-f227-42f3-b248-4951befd26c1,890b825b-8f50-44e2-bf5f-3d123bb5e910,Cesar Rutherford,1,0.76035,0.942718,false
3,0d52ca28-f227-42f3-b248-4951befd26c1,2e72b4f7-0169-414b-a450-8296304ce0c0,Lance Rowe,1,0.597791,0.149646,false
4,0d52ca28-f227-42f3-b248-4951befd26c1,3085334d-ed14-4e43-9240-3b57c16ee61b,Dr. Kayla Mills,3,0.963156,0.466146,false
5,0d52ca28-f227-42f3-b248-4951befd26c1,4a0a7226-22dd-40d2-962c-044f1f36b7f4,Claudia Bartell,1,0.369387,0.61956,true
6,0d52ca28-f227-42f3-b248-4951befd26c1,c3b948eb-1acc-48d6-b8a1-d4aef9851fbe,Robyn Smitham,2,0.324837,0.367711,false
7,0d52ca28-f227-42f3-b248-4951befd26c1,49a24a5a-6e9e-4321-8ad1-ab3021323261,Michele Gleason,2,0.204036,0.364964,false
8,0d52ca28-f227-42f3-b248-4951befd26c1,041cafb6-40d0-4f69-9169-34a6c86626c3,Herbert Murazik,1,0.651575,0.967149,false
9,0d52ca28-f227-42f3-b248-4951befd26c1,4dd2cc21-7b18-4382-a5b1-187296108594,Ben Daugherty,-1,0.8547,0.945291,true
