nodeID,networkCanvasEgoUUID,networkCanvasUUID,name,communication_freq,layout_x,layout_y,family_member
1,497263ab-22fd-4d30-b07d-59eb43fb7d31,7ad4d899-db95-47f1-9597-23e1c874b40e,Daisy Hayes,1,0.505595,0.364215,true
2,497263ab-22fd-4d30-b07d-59eb43fb7d31,869f9eb8-b09a-4161-8451-346e50631619,Rogelio Lockman,2,0.063525,0.860143,false
3,497263ab-22fd-4d30-b07d-59eb43fb7d31,b84d1934-1992-4ab1-a615-cb0ad9597ebc,Julie Sawayn Jr.,1,0.690261,0.617118,true
4,497263ab-22fd-4d30-b07d-59eb43fb7d31,fd61bda4-4a37-4d97-8fb3-d0f1615265a9,Ellis Prohaska,3,0.412116,0.302632,true
5,497263ab-22fd-4d30-b07d-59eb43fb7d31,a249eab7-ae6e-4eba-a0b6-441a32a6f43e,Marcia Parisian,3,0.759652,0.166726,false
6,497263ab-22fd-4d30-b07d-59eb43fb7d31,a6acd83d-3cee-47a1-b90d-444db22860de,Gerald Schiller,2,0.664129,0.677587,false
7,497263ab-22fd-4d30-b07d-59eb43fb7d31,8ae4d2c8-bdda-49d5-baa5-133ff3b8911b,Misty Turner,-1,0.228748,0.103759,false
8,497263ab-22fd-4d30-b07d-59eb43fb7d31,56bc2e66-bbbc-4710-b87d-d4e0ae62ec57,Bernard Weissnat,1,0.783385,0.090457,true
