nodeID,networkCanvasEgoUUID,networkCanvasUUID,name,communication_freq,layout_x,layout_y,family_member
1,26f9307f-1042-4712-8900-18fa23ca4279,8d4abe14-4192-4734-83f8-5f0a0687b80a,Josh,2,0.6203188728216537,0.4766666666666667,true
2,26f9307f-1042-4712-8900-18fa23ca4279,00319859-ddb4-45e8-b0e5-511fd8a15132,Michelle,3,0.41746504479290014,0.5022222222222222,
3,26f9307f-1042-4712-8900-18fa23ca4279,e583f809-137c-425e-a903-6d4c6358e3eb,Bernie,1,0.5253985910270671,0.32666666666666666,
4,26f9307f-1042-4712-8900-18fa23ca4279,5a5cf5dc-574a-408a-88ca-cf669a92dc6e,Hala,2,0.5246331048835624,0.7144444444444444,
5,26f9307f-1042-4712-8900-18fa23ca4279,27176cb0-f3d4-4c28-a025-4ff3e62cd45d,Kate,3,0.43047830923248054,0.6355555555555555,
6,26f9307f-1042-4712-8900-18fa23ca4279,aba89401-d67c-4b02-9685-7ecfb4ab633d,Gregory,3,0.6088365806690827,0.6033333333333334,
