nodeID,networkCanvasEgoUUID,networkCanvasUUID,name,communication_freq,layout_x,layout_y,family_member
1,efc571bc-4e0a-41df-bafb-2ae3e7134376,f6800ea3-1e8e-42c6-a94e-f22d61ec7e1d,Ryland,2,0.5142968634363605,0.55875,true
2,efc571bc-4e0a-41df-bafb-2ae3e7134376,48253af6-e09a-427d-b6a8-7d9cec059810,Carsen,3,0.7864284080358465,0.55625,
3,efc571bc-4e0a-41df-bafb-2ae3e7134376,acea8dd9-8598-4269-9803-7e05c9785a05,Aidan,-1,0.3678969818480294,0.40875,true
4,efc571bc-4e0a-41df-bafb-2ae3e7134376,3dba6673-671f-4b19-a887-d2a2df56586d,Jamie,1,0.5590780036869087,0.37375,
5,efc571bc-4e0a-41df-bafb-2ae3e7134376,4440d841-afac-49dc-8ed9-d3f31d2f4676,Terry,3,0.7037555337271418,0.48375,
6,efc571bc-4e0a-41df-bafb-2ae3e7134376,09844396-0dcd-4603-8ecd-458bb6e33a03,Trenton,2,0.30761467766459893,0.7075,true
