nodeID,networkCanvasEgoUUID,networkCanvasUUID,name,communication_freq,layout_x,layout_y,family_member
1,db5885cc-a745-47c5-b26e-bb4bdcc1fb2a,da9efbc2-cf73-41e2-886a-d7db880a4e1b,Luciano,2,0.40234401280998966,0.365,
2,db5885cc-a745-47c5-b26e-bb4bdcc1fb2a,5b18e284-7f68-4cb0-8b9b-b7ef0ea91fe8,Jaden,1,0.6021367923893591,0.53625,
3,db5885cc-a745-47c5-b26e-bb4bdcc1fb2a,18fdb361-f13c-4ccb-b79e-0d03f1dcecf1,Zayne,2,0.39545460661759757,0.73625,
4,db5885cc-a745-47c5-b26e-bb4bdcc1fb2a,02498913-43c5-4458-83de-e65444157e5b,Xavier,3,0.5496050701723697,0.6725,
5,db5885cc-a745-47c5-b26e-bb4bdcc1fb2a,5ed4c231-10a1-47f9-8fdd-9bec2ea96242,Kelsey,-1,0.3833981457809115,0.5125,
6,db5885cc-a745-47c5-b26e-bb4bdcc1fb2a,72cc16cf-89fd-4b53-9114-8c438b17b54f,Gavin,1,0.5694121129754969,0.33125,
7,db5885cc-a745-47c5-b26e-bb4bdcc1fb2a,caa593c0-c0da-43b8-9146-ef0cd5d51a69,Karter,-1,0.5074074572439684,0.28625,
8,db5885cc-a745-47c5-b26e-bb4bdcc1fb2a,11f7408e-84ad-430c-905a-361eb9426fb7,Mila,-1,0.5142968634363605,0.51,
