nodeID,networkCanvasEgoUUID,networkCanvasUUID,name,communication_freq,layout_x,layout_y,family_member
1,bd7d66bd-02bf-43fc-90d2-d88e3098b952,8b5cf28e-9de1-4da2-9f79-d70c73b98c1e,Ahmad,3,0.5203250938547035,0.47625,true
2,bd7d66bd-02bf-43fc-90d2-d88e3098b952,1e44263a-d0c2-46d8-9208-8290f9909644,Bruno,3,0.6184991320962903,0.645,false
3,bd7d66bd-02bf-43fc-90d2-d88e3098b952,3d24068a-fd0b-47f6-8f7a-e7b6754ef3be,Leonard,3,0.3394781813044122,0.5425,true
4,bd7d66bd-02bf-43fc-90d2-d88e3098b952,3fcc83b5-399e-42c8-a82f-96fae11ff131,Damian,2,0.41526164942072474,0.675,
5,bd7d66bd-02bf-43fc-90d2-d88e3098b952,a2a2f7af-aa43-41a4-a790-f8c49c3a2c2a,Jillian,1,0.40492754013213667,0.4125,true
6,bd7d66bd-02bf-43fc-90d2-d88e3098b952,59a8174d-6082-4099-8846-cd0c8f17e0a6,Kara,2,0.6469179326399074,0.4025,false
